epoch,acc,learning_rate,loss,tol1_acc,top2_acc,val_acc,val_loss,val_tol1_acc,val_top2_acc
0,0.22990776598453522,0.0003000000142492354,2.9197208881378174,0.3603425621986389,0.3443126976490021,0.2935900092124939,2.7506301403045654,0.4066943824291229,0.42222708463668823
1,0.4556433856487274,0.0003000000142492354,2.2651610374450684,0.5509442090988159,0.570267915725708,0.44541674852371216,2.2752020359039307,0.5436447262763977,0.5670531392097473
2,0.5463328957557678,0.0003000000142492354,1.9519659280776978,0.6357048749923706,0.6673254370689392,0.5114854574203491,2.0004076957702637,0.6070881485939026,0.6272150278091431
3,0.6135265827178955,0.0003000000142492354,1.7755340337753296,0.6941150426864624,0.739130437374115,0.5618026852607727,1.8918744325637817,0.6744694709777832,0.6727192997932434
4,0.6576635837554932,0.0003000000142492354,1.6461505889892578,0.7428634166717529,0.7733860611915588,0.5801793932914734,1.822420358657837,0.6860643029212952,0.6941588521003723
5,0.6965305209159851,0.0003000000142492354,1.5475921630859375,0.7898550629615784,0.8124725222587585,0.6086195707321167,1.7190049886703491,0.7228177785873413,0.7173485159873962
6,0.7305665612220764,0.0003000000142492354,1.4590941667556763,0.8166447281837463,0.8357487916946411,0.612338662147522,1.7097253799438477,0.731787383556366,0.7337563037872314
7,0.7584540843963623,0.0003000000142492354,1.3829857110977173,0.8484848737716675,0.8627580404281616,0.6269962787628174,1.6935958862304688,0.7379129528999329,0.7370378375053406
8,0.7793148756027222,0.0003000000142492354,1.342862844467163,0.8660517930984497,0.8765919804573059,0.6342157125473022,1.6520940065383911,0.7492889761924744,0.7475388050079346
9,0.7962231040000916,0.0003000000142492354,1.289825677871704,0.8827404379844666,0.8954765200614929,0.6458105444908142,1.6247105598449707,0.7635090947151184,0.7556333541870117
10,0.8162055611610413,0.0003000000142492354,1.2558225393295288,0.8987703323364258,0.9029424786567688,0.672281801700592,1.5702319145202637,0.7834172248840332,0.7744476199150085
11,0.8245498538017273,0.0003000000142492354,1.2215467691421509,0.9046991467475891,0.9189723134040833,0.6574053764343262,1.6643662452697754,0.7807919383049011,0.7829796671867371
12,0.8372858762741089,0.0003000000142492354,1.1855485439300537,0.9126043319702148,0.9251207709312439,0.6690002083778381,1.5933529138565063,0.7915117144584656,0.7982935905456543
13,0.8462889790534973,0.0003000000142492354,1.1707592010498047,0.9249011874198914,0.9323671460151672,0.6755633354187012,1.5754965543746948,0.7971997261047363,0.7967621684074402
14,0.8522178530693054,0.0003000000142492354,1.1455795764923096,0.9235836863517761,0.9371980428695679,0.66965651512146,1.6041325330734253,0.7932618856430054,0.7818858027458191
15,0.8645147085189819,0.0003000000142492354,1.1291617155075073,0.9323671460151672,0.9409310221672058,0.6650623679161072,1.610959529876709,0.7884489297866821,0.7978560328483582
16,0.8669301867485046,0.0003000000142492354,1.1154491901397705,0.9413702487945557,0.9470794796943665,0.6593742966651917,1.6773884296417236,0.7617589235305786,0.7641654014587402
17,0.8708827495574951,0.0003000000142492354,1.102837324142456,0.9400526881217957,0.9470794796943665,0.6840953826904297,1.5521702766418457,0.8022314310073853,0.7947932481765747
18,0.8776899576187134,0.0003000000142492354,1.082966685295105,0.9429073333740234,0.9543258547782898,0.6805950403213501,1.5608559846878052,0.8052942752838135,0.7976372838020325
19,0.8774703741073608,0.0003000000142492354,1.0808717012405396,0.947299063205719,0.9532279372215271,0.6799387335777283,1.5740838050842285,0.799606204032898,0.8052942752838135
20,0.8882301449775696,0.0003000000142492354,1.0613609552383423,0.9508124589920044,0.9554238319396973,0.6781885623931885,1.605272889137268,0.7893239855766296,0.806169331073761
21,0.8965744376182556,0.0003000000142492354,1.0458482503890991,0.9552041888237,0.9598155617713928,0.7002844214439392,1.5392683744430542,0.8247648477554321,0.8184204697608948
22,0.8970136046409607,0.0003000000142492354,1.04518723487854,0.9538866877555847,0.9622309803962708,0.6959089636802673,1.547991394996643,0.8052942752838135,0.8112010359764099
23,0.8970136046409607,0.0003000000142492354,1.0381839275360107,0.95652174949646,0.9628897905349731,0.6998468637466431,1.5357131958007812,0.8079195022583008,0.8120761513710022
24,0.9011857509613037,0.0003000000142492354,1.0317260026931763,0.9617918133735657,0.9615722298622131,0.6884707808494568,1.6189677715301514,0.7958871126174927,0.7936993837356567
25,0.9046991467475891,0.0003000000142492354,1.013945460319519,0.9589372277259827,0.9675011038780212,0.6910960674285889,1.5516672134399414,0.8068256378173828,0.8112010359764099
26,0.9108476042747498,0.0003000000142492354,1.0053634643554688,0.9622309803962708,0.9701361656188965,0.70597243309021,1.5499955415725708,0.8087945580482483,0.8142638206481934
27,0.9130434989929199,0.0003000000142492354,1.0028554201126099,0.9670619368553162,0.9705753326416016,0.704878568649292,1.586952805519104,0.8157952427864075,0.8112010359764099
28,0.9150197505950928,0.0003000000142492354,0.9903820157051086,0.9653052091598511,0.9718928337097168,0.7064099907875061,1.557855248451233,0.8208269476890564,0.8175454139709473
29,0.921826958656311,0.0003000000142492354,0.9870982766151428,0.9688186049461365,0.972771167755127,0.7090352177619934,1.5217939615249634,0.8188580274581909,0.8190767765045166
30,0.917654812335968,0.0003000000142492354,0.9815859794616699,0.9668423533439636,0.9718928337097168,0.6945963501930237,1.6063318252563477,0.8153576850891113,0.7982935905456543
31,0.9270970821380615,0.0003000000142492354,0.9783910512924194,0.9701361656188965,0.9723320007324219,0.6875957250595093,1.644509196281433,0.8017939329147339,0.8105447292327881
32,0.925999104976654,0.0003000000142492354,0.9712900519371033,0.972771167755127,0.974088728427887,0.7153795957565308,1.5717732906341553,0.8214832544326782,0.8055130243301392
33,0.9281949996948242,0.0003000000142492354,0.9643734693527222,0.9710144996643066,0.9765041470527649,0.7147232294082642,1.6014091968536377,0.8315467238426208,0.8142638206481934
34,0.9336846470832825,0.0003000000142492354,0.947998583316803,0.9769433736801147,0.9791392087936401,0.7105666399002075,1.5893220901489258,0.8284839391708374,0.8164515495300293
35,0.9356609582901001,0.0003000000142492354,0.9528866410255432,0.9758453965187073,0.9800175428390503,0.713629424571991,1.564535140991211,0.8230146765708923,0.8114198446273804
36,0.929732084274292,0.0003000000142492354,0.9409343600273132,0.9749670624732971,0.9789196252822876,0.7162546515464783,1.525933861732483,0.8284839391708374,0.8186392188072205
37,0.9308300614356995,0.0003000000142492354,0.9429630041122437,0.972771167755127,0.9806763529777527,0.7151607871055603,1.5715092420578003,0.8276088237762451,0.8203893899917603
38,0.938954770565033,0.0003000000142492354,0.9373844265937805,0.9776021242141724,0.9795783758163452,0.7223802208900452,1.5525909662246704,0.8394224643707275,0.8168891072273254
39,0.9418094158172607,0.0003000000142492354,0.9277336001396179,0.9800175428390503,0.9822134375572205,0.7225989699363708,1.560018539428711,0.8405162692070007,0.8168891072273254
40,0.9477382302284241,0.0001500000071246177,0.9104877710342407,0.97826087474823,0.9841897487640381,0.7328811883926392,1.5481964349746704,0.841391384601593,0.8225771188735962
41,0.9558629989624023,0.0001500000071246177,0.8949497938156128,0.9837505221366882,0.9881423115730286,0.7236928343772888,1.5733214616775513,0.8407350778579712,0.816670298576355
42,0.9556434154510498,0.0001500000071246177,0.8968594074249268,0.9833113551139832,0.9855072498321533,0.7269744277000427,1.550171971321106,0.8427039980888367,0.8203893899917603
43,0.9587175846099854,0.0001500000071246177,0.8843501210212708,0.9863855838775635,0.9868247509002686,0.7293809056282043,1.5611826181411743,0.8466418981552124,0.8238897323608398
44,0.9593763947486877,0.0001500000071246177,0.886872410774231,0.9874835014343262,0.9877031445503235,0.7263181209564209,1.5567234754562378,0.8396412134170532,0.8197330832481384
45,0.9613526463508606,0.0001500000071246177,0.8795479536056519,0.9863855838775635,0.9885814785957336,0.7258805632591248,1.5831166505813599,0.841391384601593,0.8182017207145691
46,0.9582784175872803,0.0001500000071246177,0.8802899122238159,0.9844093322753906,0.9874835014343262,0.7337563037872314,1.572062611579895,0.8464230895042419,0.8238897323608398
47,0.9578392505645752,0.0001500000071246177,0.8777141571044922,0.9848484992980957,0.9894598126411438,0.7368190884590149,1.558790922164917,0.8446729183197021,0.8230146765708923
48,0.9631093740463257,0.0001500000071246177,0.8700791597366333,0.9874835014343262,0.9901185631752014,0.7370378375053406,1.5369490385055542,0.8429227471351624,0.8256399035453796
49,0.9646464586257935,0.0001500000071246177,0.8724840879440308,0.9863855838775635,0.9905577301979065,0.7383504509925842,1.5222681760787964,0.8374534845352173,0.8238897323608398
