file,flag,reasons,freq,pol,n_pulses,n_range,eigen_contrast_max_db,eigen_contrast_mean_db,f_factor_max,pulse_energy_mad,zero_frac
synthetic_l0.h5,CLEAN,no issues flagged,frequencyA,HH,16000,1024,3.89,3.68,0.226,3.62,0.0
synthetic_l0_0000.h5,CLEAN,no issues flagged,frequencyA,HH,3200,256,4.04,3.7,0.373,3.81,0.0
synthetic_l0_0001.h5,CLEAN,no issues flagged,frequencyA,HH,3200,256,3.84,3.63,0.519,3.55,0.0
synthetic_l0_0002.h5,CLEAN,no issues flagged,frequencyA,HH,3200,256,3.91,3.69,0.818,4.94,0.0
synthetic_l0_0003.h5,CLEAN,no issues flagged,frequencyA,HH,3200,256,4.07,3.77,0.491,3.96,0.0
synthetic_l0_0004.h5,CLEAN,no issues flagged,frequencyA,HH,3200,256,3.98,3.68,0.561,3.8,0.0
synthetic_l0_0005.h5,CLEAN,no issues flagged,frequencyA,HH,3200,256,4.09,3.75,0.529,4.61,0.0
synthetic_l0_0006.h5,CLEAN,no issues flagged,frequencyA,HH,3200,256,4.0,3.64,0.289,3.02,0.0
synthetic_l0_0007.h5,CLEAN,no issues flagged,frequencyA,HH,3200,256,4.07,3.72,0.388,3.5,0.0
synthetic_l0_0008.h5,CLEAN,no issues flagged,frequencyA,HH,3200,256,3.94,3.65,0.422,4.12,0.0
synthetic_l0_0009.h5,CLEAN,no issues flagged,frequencyA,HH,3200,256,3.84,3.62,0.281,4.14,0.0
synthetic_l0_0010.h5,CLEAN,no issues flagged,frequencyA,HH,3200,256,4.13,3.72,0.6,5.25,0.0
synthetic_l0_0011.h5,CLEAN,no issues flagged,frequencyA,HH,3200,256,3.91,3.69,0.413,4.81,0.0
synthetic_l0_0012.h5,CLEAN,no issues flagged,frequencyA,HH,3200,256,4.15,3.78,0.659,3.94,0.0
synthetic_l0_0013.h5,CLEAN,no issues flagged,frequencyA,HH,3200,256,4.1,3.73,0.645,3.71,0.0
synthetic_l0_0014.h5,CLEAN,no issues flagged,frequencyA,HH,3200,256,3.99,3.74,0.538,3.33,0.0
synthetic_l0_0015.h5,CLEAN,no issues flagged,frequencyA,HH,3200,256,3.96,3.72,0.26,3.05,0.0
synthetic_l0_0016.h5,CLEAN,no issues flagged,frequencyA,HH,3200,256,4.02,3.68,0.494,3.51,0.0
synthetic_l0_0017.h5,CLEAN,no issues flagged,frequencyA,HH,3200,256,4.08,3.65,0.387,5.06,0.0
synthetic_l0_0018.h5,CLEAN,no issues flagged,frequencyA,HH,3200,256,4.08,3.78,0.513,3.3,0.0
synthetic_l0_0019.h5,CLEAN,no issues flagged,frequencyA,HH,3200,256,4.05,3.77,0.41,4.51,0.0
synthetic_l0_0020.h5,CLEAN,no issues flagged,frequencyA,HH,3200,256,3.98,3.73,1.233,3.11,0.0
synthetic_l0_0021.h5,CLEAN,no issues flagged,frequencyA,HH,3200,256,3.96,3.7,0.342,3.38,0.0
synthetic_l0_0022.h5,CLEAN,no issues flagged,frequencyA,HH,3200,256,4.05,3.58,0.708,4.64,0.0
synthetic_l0_0023.h5,CLEAN,no issues flagged,frequencyA,HH,3200,256,4.11,3.81,0.353,3.81,0.0
synthetic_l0_0024.h5,CLEAN,no issues flagged,frequencyA,HH,3200,256,3.92,3.71,0.268,4.03,0.0
synthetic_l0_0025.h5,CLEAN,no issues flagged,frequencyA,HH,3200,256,3.94,3.64,0.467,3.3,0.0
synthetic_l0_0026.h5,CLEAN,no issues flagged,frequencyA,HH,3200,256,4.1,3.78,0.651,3.27,0.0
synthetic_l0_0027.h5,CLEAN,no issues flagged,frequencyA,HH,3200,256,3.99,3.79,0.183,4.79,0.0
synthetic_l0_0028.h5,CLEAN,no issues flagged,frequencyA,HH,3200,256,4.01,3.69,0.403,2.97,0.0
synthetic_l0_0029.h5,CLEAN,no issues flagged,frequencyA,HH,3200,256,4.01,3.79,0.567,4.87,0.0
synthetic_l0_0030.h5,CLEAN,no issues flagged,frequencyA,HH,3200,256,4.3,3.76,1.066,3.83,0.0
synthetic_l0_0031.h5,CLEAN,no issues flagged,frequencyA,HH,3200,256,3.99,3.76,0.36,4.5,0.0
synthetic_l0_0032.h5,CLEAN,no issues flagged,frequencyA,HH,3200,256,4.1,3.76,0.337,4.39,0.0
synthetic_l0_0033.h5,CLEAN,no issues flagged,frequencyA,HH,3200,256,4.06,3.77,0.334,4.13,0.0
synthetic_l0_0034.h5,CLEAN,no issues flagged,frequencyA,HH,3200,256,3.91,3.74,0.42,3.76,0.0
synthetic_l0_0035.h5,CLEAN,no issues flagged,frequencyA,HH,3200,256,4.0,3.63,0.637,3.11,0.0
synthetic_l0_0036.h5,REVIEW,pulse energy MAD 7.1 (>= 6.0),frequencyA,HH,3200,256,4.18,3.71,0.581,7.05,0.0
synthetic_l0_0037.h5,CLEAN,no issues flagged,frequencyA,HH,3200,256,3.89,3.72,0.31,3.76,0.0
synthetic_l0_0038.h5,CLEAN,no issues flagged,frequencyA,HH,3200,256,3.95,3.67,0.485,4.7,0.0
synthetic_l0_0039.h5,CLEAN,no issues flagged,frequencyA,HH,3200,256,3.9,3.7,0.37,4.09,0.0
synthetic_l0_0040.h5,CLEAN,no issues flagged,frequencyA,HH,3200,256,3.91,3.65,0.717,2.84,0.0
synthetic_l0_0041.h5,CLEAN,no issues flagged,frequencyA,HH,3200,256,4.12,3.71,0.374,3.24,0.0
synthetic_l0_0042.h5,CLEAN,no issues flagged,frequencyA,HH,3200,256,4.17,3.74,0.931,3.46,0.0
synthetic_l0_0043.h5,CLEAN,no issues flagged,frequencyA,HH,3200,256,4.2,3.67,0.979,3.62,0.0
synthetic_l0_0044.h5,CLEAN,no issues flagged,frequencyA,HH,3200,256,3.96,3.75,0.54,3.97,0.0
synthetic_l0_0045.h5,CLEAN,no issues flagged,frequencyA,HH,3200,256,4.0,3.77,0.347,3.59,0.0
synthetic_l0_0046.h5,CLEAN,no issues flagged,frequencyA,HH,3200,256,3.95,3.69,0.738,5.09,0.0
synthetic_l0_0047.h5,CLEAN,no issues flagged,frequencyA,HH,3200,256,4.16,3.84,0.945,3.16,0.0
synthetic_l0_0048.h5,CLEAN,no issues flagged,frequencyA,HH,3200,256,3.89,3.7,0.408,4.15,0.0
synthetic_l0_0049.h5,CLEAN,no issues flagged,frequencyA,HH,3200,256,3.98,3.72,0.621,3.19,0.0
synthetic_l0_0050.h5,CLEAN,no issues flagged,frequencyA,HH,3200,256,4.03,3.68,1.521,3.95,0.0
synthetic_l0_0051.h5,CLEAN,no issues flagged,frequencyA,HH,3200,256,4.11,3.7,0.359,4.28,0.0
synthetic_l0_0052.h5,CLEAN,no issues flagged,frequencyA,HH,3200,256,4.03,3.74,0.712,4.09,0.0
synthetic_l0_0053.h5,CLEAN,no issues flagged,frequencyA,HH,3200,256,4.08,3.7,0.628,5.51,0.0
synthetic_l0_0054.h5,CLEAN,no issues flagged,frequencyA,HH,3200,256,4.0,3.69,0.415,3.7,0.0
synthetic_l0_0055.h5,CLEAN,no issues flagged,frequencyA,HH,3200,256,4.21,3.78,0.815,3.97,0.0
synthetic_l0_0056.h5,CLEAN,no issues flagged,frequencyA,HH,3200,256,3.97,3.72,0.666,4.39,0.0
synthetic_l0_0057.h5,CLEAN,no issues flagged,frequencyA,HH,3200,256,4.05,3.7,0.468,3.69,0.0
synthetic_l0_0058.h5,CLEAN,no issues flagged,frequencyA,HH,3200,256,4.19,3.73,1.498,3.07,0.0
synthetic_l0_0059.h5,CLEAN,no issues flagged,frequencyA,HH,3200,256,4.02,3.69,0.695,4.85,0.0
synthetic_l0_0060.h5,CLEAN,no issues flagged,frequencyA,HH,3200,256,4.01,3.74,0.772,4.39,0.0
synthetic_l0_0061.h5,CLEAN,no issues flagged,frequencyA,HH,3200,256,3.98,3.7,0.55,4.37,0.0
synthetic_l0_0062.h5,CLEAN,no issues flagged,frequencyA,HH,3200,256,4.09,3.7,0.47,4.96,0.0
synthetic_l0_0063.h5,CLEAN,no issues flagged,frequencyA,HH,3200,256,3.95,3.69,0.52,4.46,0.0
synthetic_l0_0064.h5,CLEAN,no issues flagged,frequencyA,HH,3200,256,4.12,3.71,0.341,3.73,0.0
synthetic_l0_0065.h5,CLEAN,no issues flagged,frequencyA,HH,3200,256,4.13,3.7,0.38,4.51,0.0
synthetic_l0_0066.h5,CLEAN,no issues flagged,frequencyA,HH,3200,256,4.03,3.72,0.339,4.25,0.0
synthetic_l0_0067.h5,CLEAN,no issues flagged,frequencyA,HH,3200,256,4.17,3.72,0.072,4.67,0.0
synthetic_l0_0068.h5,CLEAN,no issues flagged,frequencyA,HH,3200,256,4.02,3.68,0.784,3.67,0.0
synthetic_l0_0069.h5,CLEAN,no issues flagged,frequencyA,HH,3200,256,4.27,3.79,1.34,3.16,0.0
synthetic_l0_0070.h5,CLEAN,no issues flagged,frequencyA,HH,3200,256,4.01,3.81,0.743,5.34,0.0
synthetic_l0_0071.h5,CLEAN,no issues flagged,frequencyA,HH,3200,256,4.04,3.72,0.214,3.16,0.0
synthetic_l0_0072.h5,CLEAN,no issues flagged,frequencyA,HH,3200,256,4.08,3.83,0.208,3.91,0.0
synthetic_l0_0073.h5,CLEAN,no issues flagged,frequencyA,HH,3200,256,4.12,3.69,0.989,3.47,0.0
synthetic_l0_0074.h5,CLEAN,no issues flagged,frequencyA,HH,3200,256,4.06,3.76,0.382,4.26,0.0
synthetic_l0_0075.h5,CLEAN,no issues flagged,frequencyA,HH,3200,256,4.09,3.73,0.526,3.7,0.0
synthetic_l0_0076.h5,CLEAN,no issues flagged,frequencyA,HH,3200,256,3.99,3.73,0.399,4.51,0.0
synthetic_l0_0077.h5,CLEAN,no issues flagged,frequencyA,HH,3200,256,4.02,3.74,0.489,4.03,0.0
synthetic_l0_0078.h5,CLEAN,no issues flagged,frequencyA,HH,3200,256,4.0,3.77,0.64,3.52,0.0
synthetic_l0_0079.h5,CLEAN,no issues flagged,frequencyA,HH,3200,256,3.94,3.69,0.393,3.68,0.0
synthetic_l0_0080.h5,CLEAN,no issues flagged,frequencyA,HH,3200,256,4.12,3.76,0.687,4.81,0.0
synthetic_l0_0081.h5,CLEAN,no issues flagged,frequencyA,HH,3200,256,4.23,3.89,1.861,3.82,0.0
synthetic_l0_0082.h5,CLEAN,no issues flagged,frequencyA,HH,3200,256,4.17,3.72,0.453,3.83,0.0
synthetic_l0_0083.h5,CLEAN,no issues flagged,frequencyA,HH,3200,256,4.14,3.82,0.64,3.2,0.0
synthetic_l0_0084.h5,CLEAN,no issues flagged,frequencyA,HH,3200,256,4.03,3.73,0.549,2.94,0.0
synthetic_l0_0085.h5,CLEAN,no issues flagged,frequencyA,HH,3200,256,3.93,3.69,0.606,4.52,0.0
synthetic_l0_0086.h5,CLEAN,no issues flagged,frequencyA,HH,3200,256,4.08,3.67,0.336,3.9,0.0
synthetic_l0_0087.h5,CLEAN,no issues flagged,frequencyA,HH,3200,256,4.18,3.7,0.321,3.66,0.0
synthetic_l0_0088.h5,CLEAN,no issues flagged,frequencyA,HH,3200,256,4.17,3.83,0.531,3.64,0.0
synthetic_l0_0089.h5,CLEAN,no issues flagged,frequencyA,HH,3200,256,4.0,3.73,0.638,2.64,0.0
synthetic_l0_0090.h5,CLEAN,no issues flagged,frequencyA,HH,3200,256,4.06,3.66,0.861,3.69,0.0
synthetic_l0_0091.h5,CLEAN,no issues flagged,frequencyA,HH,3200,256,4.05,3.79,0.836,3.68,0.0
synthetic_l0_0092.h5,CLEAN,no issues flagged,frequencyA,HH,3200,256,4.02,3.73,1.311,3.61,0.0
synthetic_l0_0093.h5,CLEAN,no issues flagged,frequencyA,HH,3200,256,4.18,3.71,0.457,3.07,0.0
synthetic_l0_0094.h5,CLEAN,no issues flagged,frequencyA,HH,3200,256,4.04,3.73,0.34,5.43,0.0
synthetic_l0_0095.h5,CLEAN,no issues flagged,frequencyA,HH,3200,256,3.93,3.69,0.296,4.3,0.0
synthetic_l0_0096.h5,CLEAN,no issues flagged,frequencyA,HH,3200,256,4.02,3.77,0.248,3.93,0.0
synthetic_l0_0097.h5,CLEAN,no issues flagged,frequencyA,HH,3200,256,3.93,3.73,0.33,3.71,0.0
synthetic_l0_0098.h5,CLEAN,no issues flagged,frequencyA,HH,3200,256,4.11,3.72,0.71,4.8,0.0
synthetic_l0_0099.h5,CLEAN,no issues flagged,frequencyA,HH,3200,256,3.97,3.74,0.658,3.33,0.0
synthetic_l0_0100.h5,CLEAN,no issues flagged,frequencyA,HH,3200,256,3.89,3.72,0.42,4.01,0.0
synthetic_l0_0101.h5,CLEAN,no issues flagged,frequencyA,HH,3200,256,4.16,3.69,0.972,4.99,0.0
synthetic_l0_0102.h5,CLEAN,no issues flagged,frequencyA,HH,3200,256,4.04,3.72,1.237,3.04,0.0
synthetic_l0_0103.h5,CLEAN,no issues flagged,frequencyA,HH,3200,256,4.13,3.7,0.65,3.63,0.0
synthetic_l0_0104.h5,CLEAN,no issues flagged,frequencyA,HH,3200,256,3.98,3.78,0.702,3.43,0.0
synthetic_l0_0105.h5,CLEAN,no issues flagged,frequencyA,HH,3200,256,4.06,3.81,0.434,3.64,0.0
synthetic_l0_0106.h5,CLEAN,no issues flagged,frequencyA,HH,3200,256,4.15,3.76,1.393,4.51,0.0
synthetic_l0_0107.h5,CLEAN,no issues flagged,frequencyA,HH,3200,256,4.04,3.75,0.418,3.37,0.0
synthetic_l0_0108.h5,CLEAN,no issues flagged,frequencyA,HH,3200,256,4.25,3.75,0.82,4.07,0.0
synthetic_l0_0109.h5,CLEAN,no issues flagged,frequencyA,HH,3200,256,3.92,3.73,0.453,5.9,0.0
synthetic_l0_0110.h5,CLEAN,no issues flagged,frequencyA,HH,3200,256,4.19,3.79,0.46,3.77,0.0
synthetic_l0_0111.h5,CLEAN,no issues flagged,frequencyA,HH,3200,256,4.04,3.67,1.087,5.23,0.0
synthetic_l0_0112.h5,CLEAN,no issues flagged,frequencyA,HH,3200,256,4.34,3.81,0.758,3.73,0.0
synthetic_l0_0113.h5,CLEAN,no issues flagged,frequencyA,HH,3200,256,4.08,3.69,0.27,5.38,0.0
synthetic_l0_0114.h5,CLEAN,no issues flagged,frequencyA,HH,3200,256,4.08,3.74,0.611,3.43,0.0
synthetic_l0_0115.h5,CLEAN,no issues flagged,frequencyA,HH,3200,256,4.04,3.68,0.43,3.11,0.0
synthetic_l0_0116.h5,CLEAN,no issues flagged,frequencyA,HH,3200,256,4.08,3.66,0.444,3.43,0.0
synthetic_l0_0117.h5,CLEAN,no issues flagged,frequencyA,HH,3200,256,4.24,3.74,1.146,3.99,0.0
synthetic_l0_0118.h5,CLEAN,no issues flagged,frequencyA,HH,3200,256,3.95,3.71,0.687,4.99,0.0
synthetic_l0_0119.h5,CLEAN,no issues flagged,frequencyA,HH,3200,256,3.98,3.74,0.487,4.38,0.0
synthetic_l0_0120.h5,CLEAN,no issues flagged,frequencyA,HH,3200,256,4.05,3.71,0.345,3.87,0.0
synthetic_l0_0121.h5,CLEAN,no issues flagged,frequencyA,HH,3200,256,4.15,3.73,1.323,4.3,0.0
synthetic_l0_0122.h5,CLEAN,no issues flagged,frequencyA,HH,3200,256,3.99,3.67,0.779,3.74,0.0
synthetic_l0_0123.h5,CLEAN,no issues flagged,frequencyA,HH,3200,256,3.97,3.63,0.811,3.6,0.0
synthetic_l0_0124.h5,CLEAN,no issues flagged,frequencyA,HH,3200,256,4.07,3.67,1.101,4.51,0.0
synthetic_l0_0125.h5,CLEAN,no issues flagged,frequencyA,HH,3200,256,3.96,3.74,0.868,3.35,0.0
synthetic_l0_0126.h5,CLEAN,no issues flagged,frequencyA,HH,3200,256,4.1,3.72,0.648,4.03,0.0
synthetic_l0_0127.h5,CLEAN,no issues flagged,frequencyA,HH,3200,256,4.04,3.66,0.716,4.69,0.0
synthetic_l0_0128.h5,CLEAN,no issues flagged,frequencyA,HH,3200,256,4.02,3.72,0.556,3.58,0.0
synthetic_l0_0129.h5,CLEAN,no issues flagged,frequencyA,HH,3200,256,3.85,3.61,0.287,3.62,0.0
synthetic_l0_0130.h5,CLEAN,no issues flagged,frequencyA,HH,3200,256,4.03,3.73,0.535,4.33,0.0
synthetic_l0_0131.h5,CLEAN,no issues flagged,frequencyA,HH,3200,256,3.93,3.67,0.601,4.72,0.0
synthetic_l0_0132.h5,CLEAN,no issues flagged,frequencyA,HH,3200,256,4.14,3.64,0.701,4.22,0.0
synthetic_l0_0133.h5,CLEAN,no issues flagged,frequencyA,HH,3200,256,4.3,3.82,1.163,3.75,0.0
synthetic_l0_0134.h5,CLEAN,no issues flagged,frequencyA,HH,3200,256,4.08,3.76,0.666,3.0,0.0
synthetic_l0_0135.h5,REVIEW,pulse energy MAD 8.3 (>= 6.0),frequencyA,HH,3200,256,4.2,3.69,0.181,8.26,0.0
synthetic_l0_0136.h5,CLEAN,no issues flagged,frequencyA,HH,3200,256,4.02,3.72,0.814,3.4,0.0
synthetic_l0_0137.h5,CLEAN,no issues flagged,frequencyA,HH,3200,256,4.16,3.76,0.701,3.92,0.0
synthetic_l0_0138.h5,CLEAN,no issues flagged,frequencyA,HH,3200,256,4.12,3.75,0.525,3.72,0.0
synthetic_l0_0139.h5,CLEAN,no issues flagged,frequencyA,HH,3200,256,4.19,3.77,0.801,4.08,0.0
synthetic_l0_0140.h5,CLEAN,no issues flagged,frequencyA,HH,3200,256,3.98,3.73,0.662,4.18,0.0
synthetic_l0_0141.h5,CLEAN,no issues flagged,frequencyA,HH,3200,256,3.98,3.7,0.248,4.67,0.0
synthetic_l0_0142.h5,CLEAN,no issues flagged,frequencyA,HH,3200,256,3.95,3.66,0.311,4.51,0.0
synthetic_l0_0143.h5,CLEAN,no issues flagged,frequencyA,HH,3200,256,3.95,3.66,0.385,3.44,0.0
synthetic_l0_0144.h5,CLEAN,no issues flagged,frequencyA,HH,3200,256,3.78,3.62,0.354,5.23,0.0
synthetic_l0_0145.h5,CLEAN,no issues flagged,frequencyA,HH,3200,256,4.16,3.75,0.939,3.97,0.0
synthetic_l0_0146.h5,CLEAN,no issues flagged,frequencyA,HH,3200,256,3.91,3.66,0.755,5.42,0.0
synthetic_l0_0147.h5,CLEAN,no issues flagged,frequencyA,HH,3200,256,4.01,3.76,0.352,2.89,0.0
synthetic_l0_0148.h5,CLEAN,no issues flagged,frequencyA,HH,3200,256,4.16,3.78,0.592,3.7,0.0
synthetic_l0_0149.h5,CLEAN,no issues flagged,frequencyA,HH,3200,256,4.02,3.78,0.731,3.68,0.0
synthetic_l0_0150.h5,CLEAN,no issues flagged,frequencyA,HH,3200,256,3.93,3.75,0.389,5.91,0.0
synthetic_l0_0151.h5,CLEAN,no issues flagged,frequencyA,HH,3200,256,4.07,3.7,0.242,3.13,0.0
synthetic_l0_0152.h5,CLEAN,no issues flagged,frequencyA,HH,3200,256,4.11,3.76,0.458,3.76,0.0
synthetic_l0_0153.h5,CLEAN,no issues flagged,frequencyA,HH,3200,256,4.06,3.78,0.506,5.85,0.0
synthetic_l0_0154.h5,CLEAN,no issues flagged,frequencyA,HH,3200,256,4.36,3.82,0.731,3.91,0.0
synthetic_l0_0155.h5,CLEAN,no issues flagged,frequencyA,HH,3200,256,4.18,3.71,0.455,3.12,0.0
synthetic_l0_0156.h5,CLEAN,no issues flagged,frequencyA,HH,3200,256,4.16,3.7,0.565,3.37,0.0
synthetic_l0_0157.h5,CLEAN,no issues flagged,frequencyA,HH,3200,256,3.94,3.67,0.348,4.24,0.0
synthetic_l0_0158.h5,CLEAN,no issues flagged,frequencyA,HH,3200,256,4.19,3.71,0.435,3.58,0.0
synthetic_l0_0159.h5,CLEAN,no issues flagged,frequencyA,HH,3200,256,4.14,3.74,0.574,2.95,0.0
synthetic_l0_0160.h5,CLEAN,no issues flagged,frequencyA,HH,3200,256,4.11,3.81,0.27,4.34,0.0
synthetic_l0_0161.h5,CLEAN,no issues flagged,frequencyA,HH,3200,256,4.42,3.73,0.465,3.89,0.0
synthetic_l0_0162.h5,CLEAN,no issues flagged,frequencyA,HH,3200,256,4.04,3.75,0.188,3.76,0.0
synthetic_l0_0163.h5,CLEAN,no issues flagged,frequencyA,HH,3200,256,4.13,3.78,0.51,2.81,0.0
synthetic_l0_0164.h5,CLEAN,no issues flagged,frequencyA,HH,3200,256,4.09,3.67,0.351,3.93,0.0
synthetic_l0_0165.h5,CLEAN,no issues flagged,frequencyA,HH,3200,256,3.93,3.76,0.709,3.83,0.0
synthetic_l0_0166.h5,CLEAN,no issues flagged,frequencyA,HH,3200,256,3.86,3.73,0.875,3.34,0.0
synthetic_l0_0167.h5,CLEAN,no issues flagged,frequencyA,HH,3200,256,4.21,3.72,0.173,3.51,0.0
synthetic_l0_0168.h5,CLEAN,no issues flagged,frequencyA,HH,3200,256,4.12,3.75,0.488,3.53,0.0
synthetic_l0_0169.h5,CLEAN,no issues flagged,frequencyA,HH,3200,256,4.38,3.8,0.576,4.43,0.0
synthetic_l0_0170.h5,CLEAN,no issues flagged,frequencyA,HH,3200,256,4.16,3.73,1.029,3.35,0.0
synthetic_l0_0171.h5,CLEAN,no issues flagged,frequencyA,HH,3200,256,4.06,3.71,0.514,3.8,0.0
synthetic_l0_0172.h5,CLEAN,no issues flagged,frequencyA,HH,3200,256,3.97,3.67,0.832,4.35,0.0
synthetic_l0_0173.h5,CLEAN,no issues flagged,frequencyA,HH,3200,256,3.99,3.74,0.647,3.63,0.0
synthetic_l0_0174.h5,CLEAN,no issues flagged,frequencyA,HH,3200,256,4.13,3.7,0.669,4.52,0.0
synthetic_l0_0175.h5,CLEAN,no issues flagged,frequencyA,HH,3200,256,4.47,3.72,1.074,4.35,0.0
synthetic_l0_0176.h5,CLEAN,no issues flagged,frequencyA,HH,3200,256,4.04,3.75,0.35,4.3,0.0
synthetic_l0_0177.h5,CLEAN,no issues flagged,frequencyA,HH,3200,256,3.99,3.73,0.704,3.53,0.0
synthetic_l0_0178.h5,CLEAN,no issues flagged,frequencyA,HH,3200,256,3.89,3.71,0.407,3.82,0.0
synthetic_l0_0179.h5,CLEAN,no issues flagged,frequencyA,HH,3200,256,3.96,3.75,0.758,3.57,0.0
synthetic_l0_0180.h5,CLEAN,no issues flagged,frequencyA,HH,3200,256,4.03,3.72,0.231,3.4,0.0
synthetic_l0_0181.h5,CLEAN,no issues flagged,frequencyA,HH,3200,256,3.95,3.7,0.61,3.87,0.0
synthetic_l0_0182.h5,CLEAN,no issues flagged,frequencyA,HH,3200,256,4.11,3.76,0.41,2.56,0.0
synthetic_l0_0183.h5,CLEAN,no issues flagged,frequencyA,HH,3200,256,3.93,3.77,0.328,3.59,0.0
synthetic_l0_0184.h5,CLEAN,no issues flagged,frequencyA,HH,3200,256,3.96,3.76,0.386,3.98,0.0
synthetic_l0_0185.h5,CLEAN,no issues flagged,frequencyA,HH,3200,256,3.91,3.63,0.641,3.87,0.0
synthetic_l0_0186.h5,CLEAN,no issues flagged,frequencyA,HH,3200,256,4.2,3.64,0.25,4.79,0.0
synthetic_l0_0187.h5,CLEAN,no issues flagged,frequencyA,HH,3200,256,3.9,3.64,1.287,3.81,0.0
synthetic_l0_0188.h5,REVIEW,pulse energy MAD 6.1 (>= 6.0),frequencyA,HH,3200,256,3.96,3.6,0.384,6.11,0.0
synthetic_l0_0189.h5,CLEAN,no issues flagged,frequencyA,HH,3200,256,4.02,3.67,0.396,3.96,0.0
synthetic_l0_0190.h5,CLEAN,no issues flagged,frequencyA,HH,3200,256,4.11,3.7,1.257,4.45,0.0
synthetic_l0_0191.h5,CLEAN,no issues flagged,frequencyA,HH,3200,256,3.99,3.65,0.573,4.84,0.0
synthetic_l0_0192.h5,CLEAN,no issues flagged,frequencyA,HH,3200,256,4.04,3.69,0.308,5.44,0.0
synthetic_l0_0193.h5,CLEAN,no issues flagged,frequencyA,HH,3200,256,4.06,3.71,0.891,3.79,0.0
synthetic_l0_0194.h5,CLEAN,no issues flagged,frequencyA,HH,3200,256,4.15,3.76,0.254,4.45,0.0
synthetic_l0_0195.h5,CLEAN,no issues flagged,frequencyA,HH,3200,256,3.96,3.68,0.636,4.42,0.0
synthetic_l0_0196.h5,CLEAN,no issues flagged,frequencyA,HH,3200,256,4.05,3.68,0.345,2.68,0.0
synthetic_l0_0197.h5,CLEAN,no issues flagged,frequencyA,HH,3200,256,4.11,3.76,0.244,4.57,0.0
synthetic_l0_0198.h5,CLEAN,no issues flagged,frequencyA,HH,3200,256,4.07,3.74,0.286,3.66,0.0
synthetic_l0_0199.h5,CLEAN,no issues flagged,frequencyA,HH,3200,256,4.01,3.71,0.329,3.7,0.0
synthetic_l0_0200.h5,CLEAN,no issues flagged,frequencyA,HH,3200,256,4.08,3.73,0.191,4.44,0.0
synthetic_l0_0201.h5,CLEAN,no issues flagged,frequencyA,HH,3200,256,4.08,3.72,0.857,4.61,0.0
synthetic_l0_0202.h5,CLEAN,no issues flagged,frequencyA,HH,3200,256,3.97,3.73,0.32,3.37,0.0
synthetic_l0_0203.h5,CLEAN,no issues flagged,frequencyA,HH,3200,256,3.82,3.68,0.457,3.5,0.0
synthetic_l0_0204.h5,CLEAN,no issues flagged,frequencyA,HH,3200,256,3.99,3.7,0.326,4.86,0.0
synthetic_l0_0205.h5,CLEAN,no issues flagged,frequencyA,HH,3200,256,3.79,3.64,0.612,2.73,0.0
synthetic_l0_0206.h5,CLEAN,no issues flagged,frequencyA,HH,3200,256,4.1,3.67,0.686,3.37,0.0
synthetic_l0_0207.h5,CLEAN,no issues flagged,frequencyA,HH,3200,256,4.12,3.83,0.415,3.29,0.0
synthetic_l0_0208.h5,CLEAN,no issues flagged,frequencyA,HH,3200,256,4.18,3.76,0.56,3.21,0.0
synthetic_l0_0209.h5,CLEAN,no issues flagged,frequencyA,HH,3200,256,4.08,3.69,1.042,3.59,0.0
synthetic_l0_0210.h5,CLEAN,no issues flagged,frequencyA,HH,3200,256,4.11,3.7,0.452,4.02,0.0
synthetic_l0_0211.h5,REVIEW,pulse energy MAD 7.1 (>= 6.0),frequencyA,HH,3200,256,3.91,3.67,0.633,7.12,0.0
synthetic_l0_0212.h5,CLEAN,no issues flagged,frequencyA,HH,3200,256,4.15,3.68,1.165,3.94,0.0
synthetic_l0_0213.h5,CLEAN,no issues flagged,frequencyA,HH,3200,256,4.06,3.71,0.502,3.7,0.0
synthetic_l0_0214.h5,CLEAN,no issues flagged,frequencyA,HH,3200,256,3.91,3.64,0.809,3.33,0.0
synthetic_l0_0215.h5,CLEAN,no issues flagged,frequencyA,HH,3200,256,4.12,3.77,0.288,3.36,0.0
synthetic_l0_0216.h5,CLEAN,no issues flagged,frequencyA,HH,3200,256,4.04,3.71,0.745,3.56,0.0
synthetic_l0_0217.h5,CLEAN,no issues flagged,frequencyA,HH,3200,256,3.98,3.68,0.545,4.57,0.0
synthetic_l0_0218.h5,CLEAN,no issues flagged,frequencyA,HH,3200,256,4.08,3.68,0.395,3.33,0.0
synthetic_l0_0219.h5,CLEAN,no issues flagged,frequencyA,HH,3200,256,4.26,3.75,0.52,3.4,0.0
synthetic_l0_0220.h5,CLEAN,no issues flagged,frequencyA,HH,3200,256,4.0,3.66,0.434,3.69,0.0
synthetic_l0_0221.h5,CLEAN,no issues flagged,frequencyA,HH,3200,256,3.97,3.66,0.286,3.61,0.0
synthetic_l0_0222.h5,CLEAN,no issues flagged,frequencyA,HH,3200,256,4.12,3.7,0.413,4.17,0.0
synthetic_l0_0223.h5,CLEAN,no issues flagged,frequencyA,HH,3200,256,4.02,3.74,0.52,2.96,0.0
synthetic_l0_0224.h5,CLEAN,no issues flagged,frequencyA,HH,3200,256,3.92,3.76,0.434,3.59,0.0
synthetic_l0_0225.h5,CLEAN,no issues flagged,frequencyA,HH,3200,256,4.08,3.75,0.387,3.68,0.0
synthetic_l0_0226.h5,CLEAN,no issues flagged,frequencyA,HH,3200,256,4.12,3.81,0.538,4.04,0.0
synthetic_l0_0227.h5,CLEAN,no issues flagged,frequencyA,HH,3200,256,3.96,3.63,1.258,4.46,0.0
synthetic_l0_0228.h5,CLEAN,no issues flagged,frequencyA,HH,3200,256,4.0,3.71,1.36,4.48,0.0
synthetic_l0_0229.h5,CLEAN,no issues flagged,frequencyA,HH,3200,256,4.14,3.71,0.886,3.3,0.0
synthetic_l0_0230.h5,CLEAN,no issues flagged,frequencyA,HH,3200,256,4.24,3.85,0.375,3.87,0.0
synthetic_l0_0231.h5,CLEAN,no issues flagged,frequencyA,HH,3200,256,3.98,3.69,0.157,3.92,0.0
synthetic_l0_0232.h5,CLEAN,no issues flagged,frequencyA,HH,3200,256,4.13,3.72,0.57,4.04,0.0
synthetic_l0_0233.h5,CLEAN,no issues flagged,frequencyA,HH,3200,256,4.06,3.69,0.383,4.22,0.0
synthetic_l0_0234.h5,CLEAN,no issues flagged,frequencyA,HH,3200,256,4.08,3.74,0.42,4.77,0.0
synthetic_l0_0235.h5,CLEAN,no issues flagged,frequencyA,HH,3200,256,4.07,3.77,0.749,5.23,0.0
synthetic_l0_0236.h5,CLEAN,no issues flagged,frequencyA,HH,3200,256,3.96,3.69,0.697,3.99,0.0
synthetic_l0_0237.h5,CLEAN,no issues flagged,frequencyA,HH,3200,256,4.0,3.73,0.24,4.18,0.0
synthetic_l0_0238.h5,CLEAN,no issues flagged,frequencyA,HH,3200,256,3.92,3.69,0.935,3.32,0.0
synthetic_l0_0239.h5,CLEAN,no issues flagged,frequencyA,HH,3200,256,4.14,3.71,0.477,5.22,0.0
synthetic_l0_0240.h5,CLEAN,no issues flagged,frequencyA,HH,3200,256,4.01,3.65,1.551,5.87,0.0
synthetic_l0_0241.h5,CLEAN,no issues flagged,frequencyA,HH,3200,256,4.07,3.71,0.659,4.22,0.0
synthetic_l0_0242.h5,CLEAN,no issues flagged,frequencyA,HH,3200,256,4.33,3.74,0.672,3.9,0.0
synthetic_l0_0243.h5,CLEAN,no issues flagged,frequencyA,HH,3200,256,4.09,3.73,0.36,4.17,0.0
synthetic_l0_0244.h5,CLEAN,no issues flagged,frequencyA,HH,3200,256,4.02,3.76,0.831,3.38,0.0
synthetic_l0_0245.h5,CLEAN,no issues flagged,frequencyA,HH,3200,256,4.08,3.73,0.557,3.17,0.0
synthetic_l0_0246.h5,CLEAN,no issues flagged,frequencyA,HH,3200,256,4.04,3.68,0.811,3.59,0.0
synthetic_l0_0247.h5,CLEAN,no issues flagged,frequencyA,HH,3200,256,4.06,3.76,0.653,3.45,0.0
synthetic_l0_0248.h5,CLEAN,no issues flagged,frequencyA,HH,3200,256,4.02,3.69,0.502,5.22,0.0
synthetic_l0_0249.h5,CLEAN,no issues flagged,frequencyA,HH,3200,256,4.07,3.78,0.342,3.23,0.0
synthetic_l0_0250.h5,CLEAN,no issues flagged,frequencyA,HH,3200,256,4.04,3.71,0.477,3.53,0.0
synthetic_l0_0251.h5,CLEAN,no issues flagged,frequencyA,HH,3200,256,4.04,3.66,1.414,4.25,0.0
synthetic_l0_0252.h5,CLEAN,no issues flagged,frequencyA,HH,3200,256,4.2,3.71,0.639,4.05,0.0
synthetic_l0_0253.h5,CLEAN,no issues flagged,frequencyA,HH,3200,256,3.98,3.67,0.515,4.87,0.0
synthetic_l0_0254.h5,CLEAN,no issues flagged,frequencyA,HH,3200,256,3.97,3.62,0.327,3.87,0.0
synthetic_l0_0255.h5,CLEAN,no issues flagged,frequencyA,HH,3200,256,4.4,3.75,1.129,3.95,0.0
synthetic_l0_0256.h5,CLEAN,no issues flagged,frequencyA,HH,3200,256,3.99,3.76,1.037,4.31,0.0
synthetic_l0_0257.h5,CLEAN,no issues flagged,frequencyA,HH,3200,256,4.25,3.78,0.468,2.8,0.0
synthetic_l0_0258.h5,CLEAN,no issues flagged,frequencyA,HH,3200,256,4.0,3.73,0.457,5.06,0.0
synthetic_l0_0259.h5,CLEAN,no issues flagged,frequencyA,HH,3200,256,3.98,3.71,0.839,3.58,0.0
synthetic_l0_0260.h5,CLEAN,no issues flagged,frequencyA,HH,3200,256,3.99,3.74,0.474,3.45,0.0
synthetic_l0_0261.h5,CLEAN,no issues flagged,frequencyA,HH,3200,256,4.02,3.67,0.426,3.93,0.0
synthetic_l0_0262.h5,CLEAN,no issues flagged,frequencyA,HH,3200,256,4.02,3.76,0.442,3.92,0.0
synthetic_l0_0263.h5,CLEAN,no issues flagged,frequencyA,HH,3200,256,3.98,3.7,0.622,3.47,0.0
synthetic_l0_0264.h5,CLEAN,no issues flagged,frequencyA,HH,3200,256,4.21,3.79,0.562,3.9,0.0
synthetic_l0_0265.h5,CLEAN,no issues flagged,frequencyA,HH,3200,256,3.9,3.69,0.323,3.82,0.0
synthetic_l0_0266.h5,CLEAN,no issues flagged,frequencyA,HH,3200,256,4.01,3.72,0.266,5.63,0.0
synthetic_l0_0267.h5,CLEAN,no issues flagged,frequencyA,HH,3200,256,4.12,3.74,0.623,5.85,0.0
synthetic_l0_0268.h5,CLEAN,no issues flagged,frequencyA,HH,3200,256,4.02,3.73,0.399,3.82,0.0
synthetic_l0_0269.h5,CLEAN,no issues flagged,frequencyA,HH,3200,256,4.0,3.75,1.172,3.34,0.0
synthetic_l0_0270.h5,CLEAN,no issues flagged,frequencyA,HH,3200,256,3.99,3.67,0.806,3.97,0.0
synthetic_l0_0271.h5,CLEAN,no issues flagged,frequencyA,HH,3200,256,4.33,3.84,0.645,3.94,0.0
synthetic_l0_0272.h5,CLEAN,no issues flagged,frequencyA,HH,3200,256,4.25,3.71,0.424,4.28,0.0
synthetic_l0_0273.h5,CLEAN,no issues flagged,frequencyA,HH,3200,256,4.02,3.67,0.532,2.78,0.0
synthetic_l0_0274.h5,CLEAN,no issues flagged,frequencyA,HH,3200,256,4.03,3.69,0.962,3.92,0.0
synthetic_l0_0275.h5,CLEAN,no issues flagged,frequencyA,HH,3200,256,4.05,3.79,0.514,3.4,0.0
synthetic_l0_0276.h5,CLEAN,no issues flagged,frequencyA,HH,3200,256,4.05,3.74,0.67,4.15,0.0
synthetic_l0_0277.h5,CLEAN,no issues flagged,frequencyA,HH,3200,256,4.13,3.78,1.074,4.84,0.0
synthetic_l0_0278.h5,CLEAN,no issues flagged,frequencyA,HH,3200,256,4.03,3.72,0.516,3.31,0.0
synthetic_l0_0279.h5,CLEAN,no issues flagged,frequencyA,HH,3200,256,4.07,3.65,0.703,4.06,0.0
synthetic_l0_0280.h5,CLEAN,no issues flagged,frequencyA,HH,3200,256,4.0,3.72,0.586,3.4,0.0
synthetic_l0_0281.h5,CLEAN,no issues flagged,frequencyA,HH,3200,256,4.05,3.65,0.544,3.67,0.0
synthetic_l0_0282.h5,CLEAN,no issues flagged,frequencyA,HH,3200,256,4.21,3.75,1.385,3.39,0.0
synthetic_l0_0283.h5,CLEAN,no issues flagged,frequencyA,HH,3200,256,4.04,3.77,0.749,3.78,0.0
synthetic_l0_0284.h5,CLEAN,no issues flagged,frequencyA,HH,3200,256,4.1,3.69,1.095,3.32,0.0
synthetic_l0_0285.h5,CLEAN,no issues flagged,frequencyA,HH,3200,256,3.98,3.78,1.279,4.71,0.0
synthetic_l0_0286.h5,CLEAN,no issues flagged,frequencyA,HH,3200,256,4.17,3.71,0.347,3.92,0.0
synthetic_l0_0287.h5,CLEAN,no issues flagged,frequencyA,HH,3200,256,4.01,3.71,0.36,4.31,0.0
synthetic_l0_0288.h5,CLEAN,no issues flagged,frequencyA,HH,3200,256,4.04,3.75,0.383,3.71,0.0
synthetic_l0_0289.h5,CLEAN,no issues flagged,frequencyA,HH,3200,256,4.04,3.73,0.343,4.12,0.0
synthetic_l0_0290.h5,CLEAN,no issues flagged,frequencyA,HH,3200,256,3.95,3.68,1.013,5.15,0.0
synthetic_l0_0291.h5,CLEAN,no issues flagged,frequencyA,HH,3200,256,4.05,3.78,0.356,3.1,0.0
synthetic_l0_0292.h5,CLEAN,no issues flagged,frequencyA,HH,3200,256,3.92,3.72,0.304,4.45,0.0
synthetic_l0_0293.h5,CLEAN,no issues flagged,frequencyA,HH,3200,256,3.99,3.74,0.338,3.97,0.0
synthetic_l0_0294.h5,CLEAN,no issues flagged,frequencyA,HH,3200,256,3.9,3.69,0.145,3.17,0.0
synthetic_l0_0295.h5,CLEAN,no issues flagged,frequencyA,HH,3200,256,3.96,3.66,0.264,4.17,0.0
synthetic_l0_0296.h5,CLEAN,no issues flagged,frequencyA,HH,3200,256,4.2,3.67,1.112,3.69,0.0
synthetic_l0_0297.h5,CLEAN,no issues flagged,frequencyA,HH,3200,256,3.95,3.72,0.351,3.31,0.0
synthetic_l0_0298.h5,CLEAN,no issues flagged,frequencyA,HH,3200,256,3.99,3.7,0.225,3.9,0.0
synthetic_l0_0299.h5,CLEAN,no issues flagged,frequencyA,HH,3200,256,4.05,3.78,0.434,3.84,0.0
synthetic_l0_0300.h5,CLEAN,no issues flagged,frequencyA,HH,3200,256,4.09,3.68,2.0,4.58,0.0
synthetic_l0_0301.h5,CLEAN,no issues flagged,frequencyA,HH,3200,256,3.87,3.71,0.324,3.64,0.0
synthetic_l0_0302.h5,CLEAN,no issues flagged,frequencyA,HH,3200,256,4.08,3.84,0.736,2.91,0.0
synthetic_l0_0303.h5,CLEAN,no issues flagged,frequencyA,HH,3200,256,4.01,3.64,0.386,3.92,0.0
synthetic_l0_0304.h5,CLEAN,no issues flagged,frequencyA,HH,3200,256,3.89,3.68,0.805,4.05,0.0
synthetic_l0_0305.h5,CLEAN,no issues flagged,frequencyA,HH,3200,256,4.04,3.73,0.195,3.0,0.0
synthetic_l0_0306.h5,CLEAN,no issues flagged,frequencyA,HH,3200,256,3.93,3.7,0.291,3.6,0.0
synthetic_l0_0307.h5,CLEAN,no issues flagged,frequencyA,HH,3200,256,4.16,3.83,0.321,4.0,0.0
synthetic_l0_0308.h5,CLEAN,no issues flagged,frequencyA,HH,3200,256,4.04,3.71,0.489,4.35,0.0
synthetic_l0_0309.h5,CLEAN,no issues flagged,frequencyA,HH,3200,256,3.91,3.68,0.564,3.54,0.0
synthetic_l0_0310.h5,CLEAN,no issues flagged,frequencyA,HH,3200,256,4.05,3.79,0.383,3.78,0.0
synthetic_l0_0311.h5,CLEAN,no issues flagged,frequencyA,HH,3200,256,4.03,3.74,0.508,4.43,0.0
synthetic_l0_0312.h5,CLEAN,no issues flagged,frequencyA,HH,3200,256,4.05,3.69,0.598,3.92,0.0
synthetic_l0_0313.h5,CLEAN,no issues flagged,frequencyA,HH,3200,256,4.23,3.71,0.943,4.2,0.0
synthetic_l0_0314.h5,CLEAN,no issues flagged,frequencyA,HH,3200,256,4.0,3.71,0.543,4.46,0.0
synthetic_l0_0315.h5,CLEAN,no issues flagged,frequencyA,HH,3200,256,4.1,3.73,0.518,4.85,0.0
synthetic_l0_0316.h5,CLEAN,no issues flagged,frequencyA,HH,3200,256,4.01,3.81,0.589,3.63,0.0
synthetic_l0_0317.h5,CLEAN,no issues flagged,frequencyA,HH,3200,256,4.07,3.78,0.402,3.16,0.0
synthetic_l0_0318.h5,CLEAN,no issues flagged,frequencyA,HH,3200,256,4.07,3.79,0.257,4.18,0.0
synthetic_l0_0319.h5,CLEAN,no issues flagged,frequencyA,HH,3200,256,3.85,3.68,0.281,5.53,0.0
synthetic_l0_0320.h5,CLEAN,no issues flagged,frequencyA,HH,3200,256,4.07,3.69,0.742,4.88,0.0
synthetic_l0_0321.h5,CLEAN,no issues flagged,frequencyA,HH,3200,256,4.08,3.71,0.446,4.22,0.0
synthetic_l0_0322.h5,CLEAN,no issues flagged,frequencyA,HH,3200,256,4.05,3.72,1.795,4.91,0.0
synthetic_l0_0323.h5,CLEAN,no issues flagged,frequencyA,HH,3200,256,4.06,3.75,0.466,3.38,0.0
synthetic_l0_0324.h5,CLEAN,no issues flagged,frequencyA,HH,3200,256,4.07,3.79,0.144,2.92,0.0
synthetic_l0_0325.h5,CLEAN,no issues flagged,frequencyA,HH,3200,256,4.03,3.7,1.075,4.13,0.0
synthetic_l0_0326.h5,CLEAN,no issues flagged,frequencyA,HH,3200,256,4.1,3.72,0.459,4.89,0.0
synthetic_l0_0327.h5,CLEAN,no issues flagged,frequencyA,HH,3200,256,4.17,3.83,0.701,5.77,0.0
synthetic_l0_0328.h5,CLEAN,no issues flagged,frequencyA,HH,3200,256,3.97,3.69,0.783,2.84,0.0
synthetic_l0_0329.h5,CLEAN,no issues flagged,frequencyA,HH,3200,256,3.83,3.65,0.72,3.65,0.0
synthetic_l0_0330.h5,CLEAN,no issues flagged,frequencyA,HH,3200,256,4.0,3.74,0.724,4.44,0.0
synthetic_l0_0331.h5,CLEAN,no issues flagged,frequencyA,HH,3200,256,4.07,3.75,0.584,4.17,0.0
synthetic_l0_0332.h5,CLEAN,no issues flagged,frequencyA,HH,3200,256,4.06,3.76,0.295,4.41,0.0
synthetic_l0_0333.h5,CLEAN,no issues flagged,frequencyA,HH,3200,256,4.18,3.79,0.888,4.75,0.0
synthetic_l0_0334.h5,CLEAN,no issues flagged,frequencyA,HH,3200,256,4.19,3.76,0.419,4.97,0.0
synthetic_l0_0335.h5,CLEAN,no issues flagged,frequencyA,HH,3200,256,4.15,3.82,0.398,4.03,0.0
synthetic_l0_0336.h5,CLEAN,no issues flagged,frequencyA,HH,3200,256,3.99,3.71,0.671,5.2,0.0
synthetic_l0_0337.h5,CLEAN,no issues flagged,frequencyA,HH,3200,256,4.03,3.74,0.682,3.8,0.0
synthetic_l0_0338.h5,CLEAN,no issues flagged,frequencyA,HH,3200,256,4.05,3.72,0.575,4.31,0.0
synthetic_l0_0339.h5,CLEAN,no issues flagged,frequencyA,HH,3200,256,3.97,3.67,0.725,3.69,0.0
synthetic_l0_0340.h5,CLEAN,no issues flagged,frequencyA,HH,3200,256,3.98,3.75,1.008,3.29,0.0
synthetic_l0_0341.h5,CLEAN,no issues flagged,frequencyA,HH,3200,256,4.12,3.7,0.292,3.5,0.0
synthetic_l0_0342.h5,CLEAN,no issues flagged,frequencyA,HH,3200,256,4.15,3.76,1.953,4.16,0.0
synthetic_l0_0343.h5,CLEAN,no issues flagged,frequencyA,HH,3200,256,4.09,3.72,0.338,3.95,0.0
synthetic_l0_0344.h5,CLEAN,no issues flagged,frequencyA,HH,3200,256,3.98,3.73,0.291,4.08,0.0
synthetic_l0_0345.h5,CLEAN,no issues flagged,frequencyA,HH,3200,256,4.09,3.72,0.789,3.48,0.0
synthetic_l0_0346.h5,CLEAN,no issues flagged,frequencyA,HH,3200,256,4.02,3.67,0.721,5.02,0.0
synthetic_l0_0347.h5,CLEAN,no issues flagged,frequencyA,HH,3200,256,3.98,3.68,0.626,3.09,0.0
synthetic_l0_0348.h5,CLEAN,no issues flagged,frequencyA,HH,3200,256,4.01,3.74,0.835,3.47,0.0
synthetic_l0_0349.h5,CLEAN,no issues flagged,frequencyA,HH,3200,256,4.1,3.69,0.582,4.06,0.0
synthetic_l0_0350.h5,CLEAN,no issues flagged,frequencyA,HH,3200,256,4.2,3.73,0.436,3.36,0.0
synthetic_l0_0351.h5,CLEAN,no issues flagged,frequencyA,HH,3200,256,4.01,3.66,0.618,4.45,0.0
synthetic_l0_0352.h5,CLEAN,no issues flagged,frequencyA,HH,3200,256,3.98,3.62,0.46,3.11,0.0
synthetic_l0_0353.h5,CLEAN,no issues flagged,frequencyA,HH,3200,256,4.06,3.77,0.987,3.87,0.0
synthetic_l0_0354.h5,CLEAN,no issues flagged,frequencyA,HH,3200,256,3.95,3.68,0.238,3.88,0.0
synthetic_l0_0355.h5,CLEAN,no issues flagged,frequencyA,HH,3200,256,4.39,3.8,0.923,2.67,0.0
synthetic_l0_0356.h5,CLEAN,no issues flagged,frequencyA,HH,3200,256,3.9,3.61,0.397,4.28,0.0
synthetic_l0_0357.h5,CLEAN,no issues flagged,frequencyA,HH,3200,256,4.31,3.77,0.603,3.57,0.0
synthetic_l0_0358.h5,CLEAN,no issues flagged,frequencyA,HH,3200,256,4.02,3.7,0.787,2.96,0.0
synthetic_l0_0359.h5,REVIEW,pulse energy MAD 6.5 (>= 6.0),frequencyA,HH,3200,256,3.93,3.7,0.449,6.51,0.0
synthetic_l0_0360.h5,CLEAN,no issues flagged,frequencyA,HH,3200,256,3.96,3.68,0.276,3.65,0.0
synthetic_l0_0361.h5,CLEAN,no issues flagged,frequencyA,HH,3200,256,4.2,3.73,1.091,3.59,0.0
synthetic_l0_0362.h5,CLEAN,no issues flagged,frequencyA,HH,3200,256,4.04,3.75,0.374,4.29,0.0
synthetic_l0_0363.h5,CLEAN,no issues flagged,frequencyA,HH,3200,256,4.19,3.72,1.017,4.24,0.0
synthetic_l0_0364.h5,CLEAN,no issues flagged,frequencyA,HH,3200,256,4.01,3.73,0.489,3.52,0.0
synthetic_l0_0365.h5,CLEAN,no issues flagged,frequencyA,HH,3200,256,4.06,3.77,0.538,4.92,0.0
synthetic_l0_0366.h5,CLEAN,no issues flagged,frequencyA,HH,3200,256,4.02,3.73,0.844,4.81,0.0
synthetic_l0_0367.h5,CLEAN,no issues flagged,frequencyA,HH,3200,256,3.97,3.75,0.591,4.04,0.0
synthetic_l0_0368.h5,CLEAN,no issues flagged,frequencyA,HH,3200,256,4.0,3.72,0.448,4.96,0.0
synthetic_l0_0369.h5,CLEAN,no issues flagged,frequencyA,HH,3200,256,4.11,3.73,0.727,3.8,0.0
synthetic_l0_0370.h5,CLEAN,no issues flagged,frequencyA,HH,3200,256,3.89,3.68,0.657,5.25,0.0
synthetic_l0_0371.h5,CLEAN,no issues flagged,frequencyA,HH,3200,256,3.98,3.72,0.572,4.35,0.0
synthetic_l0_0372.h5,CLEAN,no issues flagged,frequencyA,HH,3200,256,4.07,3.67,0.311,3.94,0.0
synthetic_l0_0373.h5,CLEAN,no issues flagged,frequencyA,HH,3200,256,3.98,3.7,0.744,5.45,0.0
synthetic_l0_0374.h5,CLEAN,no issues flagged,frequencyA,HH,3200,256,4.1,3.69,1.983,5.35,0.0
synthetic_l0_0375.h5,CLEAN,no issues flagged,frequencyA,HH,3200,256,3.97,3.67,0.54,3.68,0.0
synthetic_l0_0376.h5,CLEAN,no issues flagged,frequencyA,HH,3200,256,4.05,3.68,0.221,3.41,0.0
synthetic_l0_0377.h5,CLEAN,no issues flagged,frequencyA,HH,3200,256,4.04,3.76,0.739,3.48,0.0
synthetic_l0_0378.h5,CLEAN,no issues flagged,frequencyA,HH,3200,256,3.97,3.7,0.249,3.65,0.0
synthetic_l0_0379.h5,CLEAN,no issues flagged,frequencyA,HH,3200,256,3.91,3.7,0.124,3.77,0.0
synthetic_l0_0380.h5,CLEAN,no issues flagged,frequencyA,HH,3200,256,4.11,3.76,0.591,4.59,0.0
synthetic_l0_0381.h5,CLEAN,no issues flagged,frequencyA,HH,3200,256,4.07,3.74,0.415,3.33,0.0
synthetic_l0_0382.h5,CLEAN,no issues flagged,frequencyA,HH,3200,256,4.02,3.72,0.974,4.26,0.0
synthetic_l0_0383.h5,CLEAN,no issues flagged,frequencyA,HH,3200,256,4.02,3.69,0.516,3.69,0.0
synthetic_l0_0384.h5,CLEAN,no issues flagged,frequencyA,HH,3200,256,3.97,3.68,0.705,4.54,0.0
synthetic_l0_0385.h5,CLEAN,no issues flagged,frequencyA,HH,3200,256,4.19,3.74,0.298,4.32,0.0
synthetic_l0_0386.h5,CLEAN,no issues flagged,frequencyA,HH,3200,256,3.9,3.68,0.422,2.68,0.0
synthetic_l0_0387.h5,CLEAN,no issues flagged,frequencyA,HH,3200,256,4.02,3.74,0.295,3.79,0.0
synthetic_l0_0388.h5,CLEAN,no issues flagged,frequencyA,HH,3200,256,4.09,3.74,1.119,3.79,0.0
synthetic_l0_0389.h5,CLEAN,no issues flagged,frequencyA,HH,3200,256,3.99,3.67,0.698,4.51,0.0
synthetic_l0_0390.h5,CLEAN,no issues flagged,frequencyA,HH,3200,256,4.16,3.74,0.878,4.48,0.0
synthetic_l0_0391.h5,CLEAN,no issues flagged,frequencyA,HH,3200,256,4.06,3.69,0.594,3.71,0.0
synthetic_l0_0392.h5,CLEAN,no issues flagged,frequencyA,HH,3200,256,3.88,3.63,0.412,3.7,0.0
synthetic_l0_0393.h5,CLEAN,no issues flagged,frequencyA,HH,3200,256,4.14,3.79,3.051,3.42,0.0
synthetic_l0_0394.h5,CLEAN,no issues flagged,frequencyA,HH,3200,256,4.23,3.7,0.718,3.8,0.0
synthetic_l0_0395.h5,CLEAN,no issues flagged,frequencyA,HH,3200,256,4.39,3.78,0.645,3.36,0.0
synthetic_l0_0396.h5,CLEAN,no issues flagged,frequencyA,HH,3200,256,4.02,3.71,0.61,3.48,0.0
synthetic_l0_0397.h5,CLEAN,no issues flagged,frequencyA,HH,3200,256,3.87,3.63,1.167,3.72,0.0
synthetic_l0_0398.h5,CLEAN,no issues flagged,frequencyA,HH,3200,256,4.11,3.74,0.848,4.27,0.0
synthetic_l0_0399.h5,CLEAN,no issues flagged,frequencyA,HH,3200,256,4.26,3.73,0.742,3.13,0.0
synthetic_l0_0400.h5,CLEAN,no issues flagged,frequencyA,HH,3200,256,4.34,3.76,0.212,4.43,0.0
synthetic_l0_0401.h5,CLEAN,no issues flagged,frequencyA,HH,3200,256,3.97,3.66,0.708,4.34,0.0
synthetic_l0_0402.h5,CLEAN,no issues flagged,frequencyA,HH,3200,256,3.94,3.76,0.296,3.22,0.0
synthetic_l0_0403.h5,CLEAN,no issues flagged,frequencyA,HH,3200,256,4.11,3.71,0.685,4.24,0.0
synthetic_l0_0404.h5,CLEAN,no issues flagged,frequencyA,HH,3200,256,4.01,3.72,0.263,3.63,0.0
synthetic_l0_0405.h5,CLEAN,no issues flagged,frequencyA,HH,3200,256,4.11,3.78,0.528,3.32,0.0
synthetic_l0_0406.h5,CLEAN,no issues flagged,frequencyA,HH,3200,256,4.02,3.74,0.753,3.9,0.0
synthetic_l0_0407.h5,CLEAN,no issues flagged,frequencyA,HH,3200,256,4.38,3.79,1.056,4.14,0.0
synthetic_l0_0408.h5,CLEAN,no issues flagged,frequencyA,HH,3200,256,4.15,3.74,0.493,3.21,0.0
synthetic_l0_0409.h5,CLEAN,no issues flagged,frequencyA,HH,3200,256,4.05,3.7,0.915,3.22,0.0
synthetic_l0_0410.h5,CLEAN,no issues flagged,frequencyA,HH,3200,256,3.99,3.7,0.163,4.02,0.0
synthetic_l0_0411.h5,CLEAN,no issues flagged,frequencyA,HH,3200,256,4.07,3.75,0.447,3.2,0.0
synthetic_l0_0412.h5,CLEAN,no issues flagged,frequencyA,HH,3200,256,3.99,3.74,0.603,4.55,0.0
synthetic_l0_0413.h5,CLEAN,no issues flagged,frequencyA,HH,3200,256,4.13,3.74,0.484,3.01,0.0
synthetic_l0_0414.h5,CLEAN,no issues flagged,frequencyA,HH,3200,256,3.95,3.74,0.646,4.23,0.0
synthetic_l0_0415.h5,CLEAN,no issues flagged,frequencyA,HH,3200,256,3.95,3.62,0.672,3.21,0.0
synthetic_l0_0416.h5,CLEAN,no issues flagged,frequencyA,HH,3200,256,4.01,3.67,0.442,3.86,0.0
synthetic_l0_0417.h5,CLEAN,no issues flagged,frequencyA,HH,3200,256,4.08,3.77,0.585,4.25,0.0
synthetic_l0_0418.h5,CLEAN,no issues flagged,frequencyA,HH,3200,256,3.99,3.71,0.405,3.84,0.0
synthetic_l0_0419.h5,CLEAN,no issues flagged,frequencyA,HH,3200,256,4.01,3.75,0.739,3.91,0.0
synthetic_l0_0420.h5,CLEAN,no issues flagged,frequencyA,HH,3200,256,4.06,3.79,0.656,3.8,0.0
synthetic_l0_0421.h5,CLEAN,no issues flagged,frequencyA,HH,3200,256,4.03,3.72,0.366,3.66,0.0
synthetic_l0_0422.h5,CLEAN,no issues flagged,frequencyA,HH,3200,256,4.1,3.61,0.41,4.56,0.0
synthetic_l0_0423.h5,CLEAN,no issues flagged,frequencyA,HH,3200,256,4.06,3.73,0.396,4.27,0.0
synthetic_l0_0424.h5,CLEAN,no issues flagged,frequencyA,HH,3200,256,4.34,3.79,0.572,3.75,0.0
synthetic_l0_0425.h5,CLEAN,no issues flagged,frequencyA,HH,3200,256,4.03,3.72,0.455,3.29,0.0
synthetic_l0_0426.h5,CLEAN,no issues flagged,frequencyA,HH,3200,256,3.96,3.7,0.32,4.37,0.0
synthetic_l0_0427.h5,CLEAN,no issues flagged,frequencyA,HH,3200,256,4.09,3.73,0.835,5.86,0.0
synthetic_l0_0428.h5,CLEAN,no issues flagged,frequencyA,HH,3200,256,4.12,3.77,0.36,5.3,0.0
synthetic_l0_0429.h5,CLEAN,no issues flagged,frequencyA,HH,3200,256,4.05,3.73,0.45,4.17,0.0
synthetic_l0_0430.h5,CLEAN,no issues flagged,frequencyA,HH,3200,256,4.02,3.73,0.519,5.51,0.0
synthetic_l0_0431.h5,CLEAN,no issues flagged,frequencyA,HH,3200,256,3.93,3.77,1.309,3.64,0.0
synthetic_l0_0432.h5,CLEAN,no issues flagged,frequencyA,HH,3200,256,4.11,3.73,0.537,3.38,0.0
synthetic_l0_0433.h5,CLEAN,no issues flagged,frequencyA,HH,3200,256,4.19,3.74,0.689,4.12,0.0
synthetic_l0_0434.h5,CLEAN,no issues flagged,frequencyA,HH,3200,256,4.02,3.71,0.34,4.68,0.0
synthetic_l0_0435.h5,CLEAN,no issues flagged,frequencyA,HH,3200,256,4.09,3.71,0.343,5.34,0.0
synthetic_l0_0436.h5,CLEAN,no issues flagged,frequencyA,HH,3200,256,3.9,3.66,0.536,3.28,0.0
synthetic_l0_0437.h5,CLEAN,no issues flagged,frequencyA,HH,3200,256,4.27,3.77,0.521,3.99,0.0
synthetic_l0_0438.h5,CLEAN,no issues flagged,frequencyA,HH,3200,256,4.19,3.68,0.202,3.57,0.0
synthetic_l0_0439.h5,CLEAN,no issues flagged,frequencyA,HH,3200,256,4.28,3.8,0.728,3.68,0.0
synthetic_l0_0440.h5,CLEAN,no issues flagged,frequencyA,HH,3200,256,3.96,3.68,0.602,3.91,0.0
synthetic_l0_0441.h5,CLEAN,no issues flagged,frequencyA,HH,3200,256,3.94,3.7,0.387,4.27,0.0
synthetic_l0_0442.h5,CLEAN,no issues flagged,frequencyA,HH,3200,256,3.91,3.69,0.814,3.26,0.0
synthetic_l0_0443.h5,CLEAN,no issues flagged,frequencyA,HH,3200,256,4.21,3.73,1.144,4.85,0.0
synthetic_l0_0444.h5,CLEAN,no issues flagged,frequencyA,HH,3200,256,4.11,3.75,0.643,3.9,0.0
synthetic_l0_0445.h5,CLEAN,no issues flagged,frequencyA,HH,3200,256,3.98,3.7,0.414,4.04,0.0
synthetic_l0_0446.h5,CLEAN,no issues flagged,frequencyA,HH,3200,256,3.99,3.77,0.808,3.72,0.0
synthetic_l0_0447.h5,CLEAN,no issues flagged,frequencyA,HH,3200,256,4.03,3.78,0.496,4.0,0.0
synthetic_l0_0448.h5,CLEAN,no issues flagged,frequencyA,HH,3200,256,4.11,3.75,0.222,3.56,0.0
synthetic_l0_0449.h5,CLEAN,no issues flagged,frequencyA,HH,3200,256,4.19,3.74,0.909,4.81,0.0
synthetic_l0_0450.h5,CLEAN,no issues flagged,frequencyA,HH,3200,256,4.07,3.72,0.605,3.37,0.0
synthetic_l0_0451.h5,CLEAN,no issues flagged,frequencyA,HH,3200,256,4.1,3.8,0.325,5.53,0.0
synthetic_l0_0452.h5,CLEAN,no issues flagged,frequencyA,HH,3200,256,3.88,3.64,0.23,4.45,0.0
synthetic_l0_0453.h5,CLEAN,no issues flagged,frequencyA,HH,3200,256,4.0,3.72,0.723,5.97,0.0
synthetic_l0_0454.h5,CLEAN,no issues flagged,frequencyA,HH,3200,256,3.99,3.7,0.233,4.07,0.0
synthetic_l0_0455.h5,CLEAN,no issues flagged,frequencyA,HH,3200,256,3.84,3.61,0.849,3.78,0.0
synthetic_l0_0456.h5,CLEAN,no issues flagged,frequencyA,HH,3200,256,4.36,3.72,0.814,4.1,0.0
synthetic_l0_0457.h5,CLEAN,no issues flagged,frequencyA,HH,3200,256,4.0,3.67,0.482,5.19,0.0
synthetic_l0_0458.h5,CLEAN,no issues flagged,frequencyA,HH,3200,256,4.05,3.72,0.417,3.22,0.0
synthetic_l0_0459.h5,CLEAN,no issues flagged,frequencyA,HH,3200,256,3.99,3.72,0.411,3.92,0.0
synthetic_l0_0460.h5,CLEAN,no issues flagged,frequencyA,HH,3200,256,3.91,3.68,0.51,4.55,0.0
synthetic_l0_0461.h5,CLEAN,no issues flagged,frequencyA,HH,3200,256,3.89,3.62,0.461,4.3,0.0
synthetic_l0_0462.h5,CLEAN,no issues flagged,frequencyA,HH,3200,256,4.0,3.73,0.637,4.04,0.0
synthetic_l0_0463.h5,CLEAN,no issues flagged,frequencyA,HH,3200,256,4.16,3.75,0.557,3.7,0.0
synthetic_l0_0464.h5,CLEAN,no issues flagged,frequencyA,HH,3200,256,4.11,3.74,0.385,3.85,0.0
synthetic_l0_0465.h5,CLEAN,no issues flagged,frequencyA,HH,3200,256,4.03,3.76,0.479,3.49,0.0
synthetic_l0_0466.h5,CLEAN,no issues flagged,frequencyA,HH,3200,256,3.92,3.71,0.282,3.99,0.0
synthetic_l0_0467.h5,CLEAN,no issues flagged,frequencyA,HH,3200,256,4.3,3.79,1.868,4.29,0.0
synthetic_l0_0468.h5,CLEAN,no issues flagged,frequencyA,HH,3200,256,4.0,3.78,0.404,3.68,0.0
synthetic_l0_0469.h5,CLEAN,no issues flagged,frequencyA,HH,3200,256,4.08,3.7,0.331,4.59,0.0
synthetic_l0_0470.h5,CLEAN,no issues flagged,frequencyA,HH,3200,256,3.82,3.65,0.409,3.57,0.0
synthetic_l0_0471.h5,CLEAN,no issues flagged,frequencyA,HH,3200,256,3.83,3.64,0.311,3.75,0.0
synthetic_l0_0472.h5,CLEAN,no issues flagged,frequencyA,HH,3200,256,4.09,3.72,0.279,2.85,0.0
synthetic_l0_0473.h5,CLEAN,no issues flagged,frequencyA,HH,3200,256,4.04,3.74,0.561,3.33,0.0
synthetic_l0_0474.h5,CLEAN,no issues flagged,frequencyA,HH,3200,256,3.86,3.59,0.319,4.21,0.0
synthetic_l0_0475.h5,CLEAN,no issues flagged,frequencyA,HH,3200,256,3.93,3.68,0.328,3.83,0.0
synthetic_l0_0476.h5,REVIEW,pulse energy MAD 6.6 (>= 6.0),frequencyA,HH,3200,256,4.03,3.78,0.5,6.57,0.0
synthetic_l0_0477.h5,CLEAN,no issues flagged,frequencyA,HH,3200,256,3.97,3.64,0.557,3.85,0.0
synthetic_l0_0478.h5,CLEAN,no issues flagged,frequencyA,HH,3200,256,4.08,3.79,0.318,3.42,0.0
synthetic_l0_0479.h5,CLEAN,no issues flagged,frequencyA,HH,3200,256,4.12,3.75,0.587,3.41,0.0
synthetic_l0_0480.h5,CLEAN,no issues flagged,frequencyA,HH,3200,256,4.09,3.73,0.507,3.87,0.0
synthetic_l0_0481.h5,CLEAN,no issues flagged,frequencyA,HH,3200,256,4.02,3.74,0.397,3.43,0.0
synthetic_l0_0482.h5,CLEAN,no issues flagged,frequencyA,HH,3200,256,4.04,3.72,0.981,3.58,0.0
synthetic_l0_0483.h5,CLEAN,no issues flagged,frequencyA,HH,3200,256,3.8,3.69,0.273,4.45,0.0
synthetic_l0_0484.h5,CLEAN,no issues flagged,frequencyA,HH,3200,256,3.85,3.67,0.272,4.23,0.0
synthetic_l0_0485.h5,CLEAN,no issues flagged,frequencyA,HH,3200,256,4.0,3.69,0.541,4.24,0.0
synthetic_l0_0486.h5,CLEAN,no issues flagged,frequencyA,HH,3200,256,3.87,3.67,0.293,3.98,0.0
synthetic_l0_0487.h5,CLEAN,no issues flagged,frequencyA,HH,3200,256,4.19,3.75,0.376,4.25,0.0
synthetic_l0_0488.h5,CLEAN,no issues flagged,frequencyA,HH,3200,256,4.02,3.75,0.577,3.93,0.0
synthetic_l0_0489.h5,CLEAN,no issues flagged,frequencyA,HH,3200,256,4.02,3.73,0.447,3.39,0.0
synthetic_l0_0490.h5,CLEAN,no issues flagged,frequencyA,HH,3200,256,4.04,3.71,1.027,3.58,0.0
synthetic_l0_0491.h5,CLEAN,no issues flagged,frequencyA,HH,3200,256,4.08,3.66,0.801,4.6,0.0
synthetic_l0_0492.h5,CLEAN,no issues flagged,frequencyA,HH,3200,256,3.98,3.7,0.418,2.81,0.0
synthetic_l0_0493.h5,CLEAN,no issues flagged,frequencyA,HH,3200,256,4.04,3.72,0.334,4.79,0.0
synthetic_l0_0494.h5,CLEAN,no issues flagged,frequencyA,HH,3200,256,4.07,3.74,0.735,3.23,0.0
synthetic_l0_0495.h5,CLEAN,no issues flagged,frequencyA,HH,3200,256,3.96,3.75,0.302,3.38,0.0
synthetic_l0_0496.h5,CLEAN,no issues flagged,frequencyA,HH,3200,256,4.01,3.76,0.419,3.32,0.0
synthetic_l0_0497.h5,REVIEW,pulse energy MAD 8.1 (>= 6.0),frequencyA,HH,3200,256,4.27,3.78,0.394,8.09,0.0
synthetic_l0_0498.h5,CLEAN,no issues flagged,frequencyA,HH,3200,256,4.23,3.82,0.674,3.28,0.0
synthetic_l0_0499.h5,CLEAN,no issues flagged,frequencyA,HH,3200,256,4.02,3.66,0.677,4.63,0.0
